,precision,recall,f1-score,support
crop,0.9782608695652174,0.9782608695652174,0.9782608695652174,92.0
weed,0.9772727272727273,0.9772727272727273,0.9772727272727273,88.0
accuracy,0.9777777777777777,0.9777777777777777,0.9777777777777777,0.9777777777777777
macro avg,0.9777667984189724,0.9777667984189724,0.9777667984189724,180.0
weighted avg,0.9777777777777777,0.9777777777777777,0.9777777777777777,180.0
