,precision,recall,f1-score,support
crop,0.978021978021978,0.967391304347826,0.9726775956284153,92.0
weed,0.9662921348314607,0.9772727272727273,0.9717514124293786,88.0
accuracy,0.9722222222222222,0.9722222222222222,0.9722222222222222,0.9722222222222222
macro avg,0.9721570564267193,0.9723320158102766,0.972214504028897,180.0
weighted avg,0.972287388017725,0.9722222222222222,0.9722247949533306,180.0
